<PAMDataset>
  <PAMRasterBand band="1">
    <Metadata>
      <MDI key="STATISTICS_COUNT">1399768.000000</MDI>
      <MDI key="STATISTICS_COVARIANCES">452.7141383949823</MDI>
      <MDI key="STATISTICS_EXCLUDEDVALUES"></MDI>
      <MDI key="STATISTICS_MAXIMUM">135.44877624512</MDI>
      <MDI key="STATISTICS_MEAN">45.843806429044</MDI>
      <MDI key="STATISTICS_MEDIAN">nan</MDI>
      <MDI key="STATISTICS_MINIMUM">-1.2406543493271</MDI>
      <MDI key="STATISTICS_SKIPFACTORX">1</MDI>
      <MDI key="STATISTICS_SKIPFACTORY">1</MDI>
      <MDI key="STATISTICS_STDDEV">21.277080119109</MDI>
    </Metadata>
  </PAMRasterBand>
</PAMDataset>
