<PAMDataset>
  <PAMRasterBand band="1">
    <Histograms>
      <HistItem>
        <HistMin>-128.5</HistMin>
        <HistMax>127.5</HistMax>
        <BucketCount>256</BucketCount>
        <IncludeOutOfRange>1</IncludeOutOfRange>
        <Approximate>0</Approximate>
        <HistCounts>0|0|0|0|0|0|0|0|0|0|0|0|0|0|0|0|0|0|0|0|0|0|0|0|0|0|0|0|0|0|0|0|0|0|0|0|0|0|0|0|0|0|0|0|0|0|0|0|0|0|0|0|0|0|0|0|0|0|0|0|0|0|0|0|0|0|0|0|0|0|0|0|0|0|0|0|0|0|0|0|0|0|0|0|0|0|0|0|0|0|0|0|0|0|0|0|0|0|0|0|0|0|0|0|0|0|0|0|0|0|0|0|0|0|0|0|0|0|0|0|0|0|0|0|0|0|0|0|0|0|0|0|0|0|0|0|0|0|0|6759|0|0|0|0|0|0|0|0|0|242369|241068|101479|32474|0|0|0|0|0|0|12703|0|0|0|0|0|0|0|0|0|423660|23931|33499|0|0|0|0|0|0|0|0|20444|0|0|0|0|0|0|0|0|0|0|0|0|0|0|0|0|0|0|13032|0|0|0|0|0|0|0|0|0|49549|97021|0|0|0|0|0|0|0|88537|0|0|0|0|13243|0|0|0|0|0|0|0|0|0|0|0|0|0|0|0|0|0|0|0|0|0|0|0|0|0|0|0|0|0|0|0|0</HistCounts>
      </HistItem>
    </Histograms>
    <Metadata>
      <MDI key="STATISTICS_COUNT">1399768.000000</MDI>
      <MDI key="STATISTICS_COVARIANCES">529.6539366650429</MDI>
      <MDI key="STATISTICS_EXCLUDEDVALUES"></MDI>
      <MDI key="STATISTICS_MAXIMUM">95</MDI>
      <MDI key="STATISTICS_MEAN">40.702720022175</MDI>
      <MDI key="STATISTICS_MEDIAN">41.000000</MDI>
      <MDI key="STATISTICS_MINIMUM">11</MDI>
      <MDI key="STATISTICS_SKIPFACTORX">1</MDI>
      <MDI key="STATISTICS_SKIPFACTORY">1</MDI>
      <MDI key="STATISTICS_STDDEV">23.0142116238</MDI>
    </Metadata>
  </PAMRasterBand>
</PAMDataset>
